{"cameraMode":{"drawMode":0,"name":"Shaded","section":"Shading Mode"},"sceneLighting":false,"audioPlay":false,"sceneViewState":{"showFog":true,"showMaterialUpdate":false,"showSkybox":true,"showFlares":true,"showImageEffects":true,"showParticleSystems":true},"in2DMode":false,"pivot":{"x":4.599220275878906,"y":0.8777010440826416,"z":3.50233793258667},"rotation":{"x":0.12771297991275788,"y":0.7137030959129334,"z":-0.13496507704257966,"w":0.6753531098365784},"size":30.994413375854493,"orthographic":false}