{"cameraMode":{"drawMode":0,"name":"Shaded","section":"Shading Mode"},"sceneLighting":false,"audioPlay":false,"sceneViewState":{"showFog":true,"showMaterialUpdate":false,"showSkybox":true,"showFlares":true,"showImageEffects":true,"showParticleSystems":true},"in2DMode":false,"pivot":{"x":4.599220275878906,"y":0.8777010440826416,"z":3.50233793258667},"rotation":{"x":0.12771296501159669,"y":0.7137030363082886,"z":-0.13496506214141847,"w":0.6753530502319336},"size":28.38251304626465,"orthographic":false}