{"cameraMode":{"drawMode":0,"name":"Shaded","section":"Shading Mode"},"sceneLighting":false,"audioPlay":false,"sceneViewState":{"showFog":true,"showMaterialUpdate":false,"showSkybox":true,"showFlares":true,"showImageEffects":true,"showParticleSystems":true},"in2DMode":false,"pivot":{"x":-0.8250243067741394,"y":8.345525741577149,"z":0.3404850959777832},"rotation":{"x":-0.004202458541840315,"y":0.899096667766571,"z":-0.437644898891449,"w":-0.008633422665297985},"size":11.745796203613282,"orthographic":false}