{"cameraMode":{"drawMode":0,"name":"Shaded","section":"Shading Mode"},"sceneLighting":false,"audioPlay":false,"sceneViewState":{"showFog":true,"showMaterialUpdate":false,"showSkybox":true,"showFlares":true,"showImageEffects":true,"showParticleSystems":true},"in2DMode":false,"pivot":{"x":-0.1773085594177246,"y":2.9834251403808595,"z":-1.4349544048309327},"rotation":{"x":0.22125491499900819,"y":-0.5754952430725098,"z":0.16542278230190278,"w":0.7697317004203796},"size":5.750199317932129,"orthographic":false}