{"cameraMode":{"drawMode":0,"name":"Shaded","section":"Shading Mode"},"sceneLighting":true,"audioPlay":false,"sceneViewState":{"showFog":true,"showMaterialUpdate":false,"showSkybox":true,"showFlares":true,"showImageEffects":true,"showParticleSystems":true},"in2DMode":false,"pivot":{"x":-0.3355388641357422,"y":1.6573586463928223,"z":-1.944692611694336},"rotation":{"x":0.25064584612846377,"y":0.3043060302734375,"z":-0.08333942294120789,"w":0.9152207970619202},"size":9.168924331665039,"orthographic":false}