{"cameraMode":{"drawMode":0,"name":"Shaded","section":"Shading Mode"},"sceneLighting":false,"audioPlay":false,"sceneViewState":{"showFog":true,"showMaterialUpdate":false,"showSkybox":true,"showFlares":true,"showImageEffects":true,"showParticleSystems":true},"in2DMode":false,"pivot":{"x":5.7796430587768559,"y":3.5573854446411135,"z":-2.2835826873779299},"rotation":{"x":0.0034081153571605684,"y":0.9817506670951843,"z":-0.18931926786899568,"w":0.017673423513770105},"size":21.589792251586915,"orthographic":false}