{"cameraMode":{"drawMode":0,"name":"Shaded","section":"Shading Mode"},"sceneLighting":false,"audioPlay":false,"sceneViewState":{"showFog":true,"showMaterialUpdate":false,"showSkybox":true,"showFlares":true,"showImageEffects":true,"showParticleSystems":true},"in2DMode":false,"pivot":{"x":1.635185956954956,"y":5.147788047790527,"z":-1.6350958347320557},"rotation":{"x":0.2441379278898239,"y":-0.4940620958805084,"z":0.14684191346168519,"w":0.8214237093925476},"size":6.770718097686768,"orthographic":false}