{"cameraMode":{"drawMode":0,"name":"Shaded","section":"Shading Mode"},"sceneLighting":false,"audioPlay":false,"sceneViewState":{"showFog":true,"showMaterialUpdate":false,"showSkybox":true,"showFlares":true,"showImageEffects":true,"showParticleSystems":true},"in2DMode":false,"pivot":{"x":4.920618057250977,"y":1.5121915340423585,"z":4.808154106140137},"rotation":{"x":0.12771296501159669,"y":0.7137030363082886,"z":-0.13496506214141847,"w":0.6753530502319336},"size":16.141117095947267,"orthographic":false}